ID,Dataset label (revealed after inference),Blinded triage decision,Expected demo mapping,Agreement
PID-EVAL-6,Pneumonia,URGENT,URGENT,PASS
PID-EVAL-5,Normal,ROUTINE,ROUTINE,PASS
PID-EVAL-3,Normal,ROUTINE,ROUTINE,PASS
PID-EVAL-7,Pneumonia,URGENT,URGENT,PASS
PID-EVAL-0,Pneumonia,URGENT,URGENT,PASS
PID-EVAL-4,Pneumonia,ROUTINE,URGENT,MISMATCH
PID-EVAL-9,Pneumonia,URGENT,URGENT,PASS
PID-EVAL-8,Normal,ROUTINE,ROUTINE,PASS
PID-EVAL-1,Normal,ROUTINE,ROUTINE,PASS
PID-EVAL-2,Normal,ROUTINE,ROUTINE,PASS
